Deck,Card,Picture,id
Nilfgaard,Albrich,https://vignette.wikia.nocookie.net/witcher/images/e/ec/Tw3_gwent_card_face_Albrich.png/revision/latest?cb=20160630124150,gwint_card_albrich
Monsters,Arachas (1 of 3),https://vignette.wikia.nocookie.net/witcher/images/2/2d/Tw3_gwent_card_face_Arachas_1.png/revision/latest?cb=20160417100445,gwint_card_arachas
Monsters,Arachas (2 of 3),https://vignette.wikia.nocookie.net/witcher/images/4/4c/Tw3_gwent_card_face_Arachas_3.png/revision/latest?cb=20160417100526,gwint_card_arachas1
Monsters,Arachas (3 of 3),https://vignette.wikia.nocookie.net/witcher/images/8/8a/Tw3_gwent_card_face_Arachas_2.png/revision/latest?cb=20160417100526,gwint_card_arachas2
Monsters,Arachas Behemoth,https://vignette.wikia.nocookie.net/witcher/images/8/8e/Tw3_gwent_card_face_Arachas_Behemoth.png/revision/latest?cb=20160417101206,gwint_card_arachas_behemoth
Nilfgaard,Assire var Anahid,https://vignette.wikia.nocookie.net/witcher/images/1/19/Tw3_gwent_card_face_Assire_var_Anahid.png/revision/latest?cb=20160630124237,gwint_card_assire
Northern Realms,Ballista (1 of 2),https://vignette.wikia.nocookie.net/witcher/images/f/fd/Tw3_gwent_card_face_Ballista.png/revision/latest?cb=20160320084005,gwint_card_ballista
Northern Realms,Ballista (2 of 2),https://vignette.wikia.nocookie.net/witcher/images/0/02/Tw3_gwent_card_face_Ballista_2.png/revision/latest?cb=20180510193555,gwint_card_ballista2
Scoia'tael,Barclay Els,https://vignette.wikia.nocookie.net/witcher/images/9/9c/Tw3_gwent_card_face_Barclay_Els.png/revision/latest?cb=20160624125754,gwint_card_barclay
Neutral,Biting Frost,https://vignette.wikia.nocookie.net/witcher/images/2/2b/Tw3_gwent_card_face_Biting_Frost.png/revision/latest?cb=20151026174359,gwint_card_frost
Nilfgaard,Black Infantry Archer (1 of 2),https://vignette.wikia.nocookie.net/witcher/images/a/aa/Tw3_gwent_card_face_Black_Infantry_Archer_2.png/revision/latest?cb=20160630124501,gwint_card_black_archer
Nilfgaard,Black Infantry Archer (2 of 2),https://vignette.wikia.nocookie.net/witcher/images/8/8b/Tw3_gwent_card_face_Black_Infantry_Archer_1.png/revision/latest?cb=20160630124429,gwint_card_black_archer2
Northern Realms,Blue Stripes Commando (1 of 3),https://vignette.wikia.nocookie.net/witcher/images/e/ee/Tw3_gwent_card_face_Blue_Stripes_Commando_1.png/revision/latest?cb=20160320084516,gwint_card_blue_stripes
Northern Realms,Blue Stripes Commando (2 of 3),https://vignette.wikia.nocookie.net/witcher/images/e/ee/Tw3_gwent_card_face_Blue_Stripes_Commando_1.png/revision/latest?cb=20160320084516,gwint_card_blue_stripes
Northern Realms,Blue Stripes Commando (3 of 3),https://vignette.wikia.nocookie.net/witcher/images/e/ee/Tw3_gwent_card_face_Blue_Stripes_Commando_1.png/revision/latest?cb=20160320084516,gwint_card_blue_stripes
Monsters,Botchling,https://vignette.wikia.nocookie.net/witcher/images/6/6c/Tw3_gwent_card_face_Botchling.png/revision/latest?cb=20160425152408,gwint_card_botchling
Nilfgaard,Cahir Mawr Dyffryn aep Ceallach,https://vignette.wikia.nocookie.net/witcher/images/1/1f/Tw3_gwent_card_face_Cahir_Mawr_Dyffryn_aep_Ceallach.png/revision/latest?cb=20160630124559,gwint_card_cahir
Northern Realms,Catapult (1 of 2),https://vignette.wikia.nocookie.net/witcher/images/8/84/Tw3_gwent_card_face_Catapult_1.png/revision/latest?cb=20160320085320,gwint_card_catapult
Northern Realms,Catapult (2 of 2),https://vignette.wikia.nocookie.net/witcher/images/8/84/Tw3_gwent_card_face_Catapult_1.png/revision/latest?cb=20160320085320,gwint_card_catapult2
Monsters,Celaeno Harpy,https://vignette.wikia.nocookie.net/witcher/images/1/16/Tw3_gwent_card_face_Celaeno_Harpy.png/revision/latest?cb=20160425153153,gwint_card_celaeno_harpy
Scoia'tael,Ciaran aep Easnillien,https://vignette.wikia.nocookie.net/witcher/images/5/51/Tw3_gwent_card_face_Ciaran_aep_Easnillien.png/revision/latest?cb=20160624125812,gwint_card_ciaran
Neutral,Cirilla Fiona Elen Riannon,https://vignette.wikia.nocookie.net/witcher/images/f/fb/Tw3_gwent_card_face_Cirilla.png/revision/latest?cb=20151026175733,gwint_card_ciri
Neutral,Clear Weather,https://vignette.wikia.nocookie.net/witcher/images/0/07/Tw3_gwent_card_face_Clear_Weather.png/revision/latest?cb=20151026181027,gwint_card_clear_sky
Monsters,Cockatrice,https://vignette.wikia.nocookie.net/witcher/images/c/c9/Tw3_gwent_card_face_Cockatrice.png/revision/latest?cb=20160425153836,gwint_card_cockatrice
Neutral,Commander's Horn,https://vignette.wikia.nocookie.net/witcher/images/3/33/Tw3_gwent_card_face_Commanders_Horn.png/revision/latest?cb=20151026180403,gwint_card_horn
Northern Realms,Crinfrid Reavers Dragon Hunter (1 of 3),https://vignette.wikia.nocookie.net/witcher/images/7/7c/Tw3_gwent_card_face_Crinfrid_Reavers_Dragon_Hunter.png/revision/latest?cb=20160320085705,gwint_card_crinfrid
Northern Realms,Crinfrid Reavers Dragon Hunter (2 of 3),https://vignette.wikia.nocookie.net/witcher/images/7/7c/Tw3_gwent_card_face_Crinfrid_Reavers_Dragon_Hunter.png/revision/latest?cb=20160320085705,gwint_card_crinfrid2
Northern Realms,Crinfrid Reavers Dragon Hunter (3 of 3),https://vignette.wikia.nocookie.net/witcher/images/7/7c/Tw3_gwent_card_face_Crinfrid_Reavers_Dragon_Hunter.png/revision/latest?cb=20160320085705,gwint_card_crinfrid3
Monsters,Crone: Brewess,https://vignette.wikia.nocookie.net/witcher/images/a/ad/Tw3_gwent_card_face_Crone_Brewess.png/revision/latest?cb=20160425163324,gwint_card_crone_brewess
Monsters,Crone: Weavess,https://vignette.wikia.nocookie.net/witcher/images/2/29/Tw3_gwent_card_face_Crone_Weavess.png/revision/latest?cb=20160617180039,gwint_card_crone_weavess
Monsters,Crone: Whispess,https://vignette.wikia.nocookie.net/witcher/images/2/2c/Tw3_gwent_card_crone_Whispess.png/revision/latest?cb=20160320065648,gwint_card_crone_whispess
Nilfgaard,Cynthia,https://vignette.wikia.nocookie.net/witcher/images/5/52/Tw3_gwent_card_face_Cynthia.png/revision/latest?cb=20160428131911,gwint_card_cynthia
Neutral,Dandelion,https://vignette.wikia.nocookie.net/witcher/images/5/5d/Tw3_gwent_card_face_Dandelion.png/revision/latest?cb=20151026180600,gwint_card_dandelion
Neutral,Decoy,https://vignette.wikia.nocookie.net/witcher/images/9/92/Tw3_gwent_card_face_Decoy.png/revision/latest?cb=20151026180937,gwint_card_dummy
Scoia'tael,Dennis Cranmer,https://vignette.wikia.nocookie.net/witcher/images/9/94/Tw3_gwent_card_face_Dennis_Cranmer.png/revision/latest?cb=20160624125840,gwint_card_dennis
Northern Realms,Dethmold,https://vignette.wikia.nocookie.net/witcher/images/4/4a/Tw3_gwent_card_face_Dethmold.png/revision/latest?cb=20160320093015,gwint_card_dethmold
Scoia'tael,Dol Blathanna Archer,https://vignette.wikia.nocookie.net/witcher/images/b/bc/Tw3_gwent_card_face_Dol_Blathanna_Archer.png/revision/latest?cb=20160624125901,gwint_card_dol_archer
Scoia'tael,Dol Blathanna Scout (1 of 3),https://vignette.wikia.nocookie.net/witcher/images/b/b8/Tw3_gwent_card_face_Dol_Blathanna_Scout_3.png/revision/latest?cb=20160624130032,gwint_card_dol_infantry
Scoia'tael,Dol Blathanna Scout (2 of 3),https://vignette.wikia.nocookie.net/witcher/images/2/2d/Tw3_gwent_card_face_Dol_Blathanna_Scout_2.png/revision/latest?cb=20160624125954,gwint_card_dol_infantry2
Scoia'tael,Dol Blathanna Scout (3 of 3),https://vignette.wikia.nocookie.net/witcher/images/f/f2/Tw3_gwent_card_face_Dol_Blathanna_Scout_1.png/revision/latest?cb=20160624125931,gwint_card_dol_infantry3
Monsters,Draug,https://vignette.wikia.nocookie.net/witcher/images/4/40/Tw3_gwent_card_face_Draug.png/revision/latest?cb=20160425165333,gwint_card_draug
Northern Realms,Dun Banner Medic,https://vignette.wikia.nocookie.net/witcher/images/f/fe/Tw3_gwent_card_face_Dun_Banner_Medic.png/revision/latest?cb=20160320090836,gwint_card_dun_banner_medic
Scoia'tael,Dwarven Skirmisher (1 of 3),https://vignette.wikia.nocookie.net/witcher/images/4/41/Tw3_gwent_card_face_Dwarevn_Skirmisher_1.png/revision/latest?cb=20160624130056,gwint_card_dol_dwarf
Scoia'tael,Dwarven Skirmisher (2 of 3),https://vignette.wikia.nocookie.net/witcher/images/f/fd/Tw3_gwent_card_face_Dwarevn_Skirmisher_2.png/revision/latest?cb=20160624130118,gwint_card_dol_dwarf2
Scoia'tael,Dwarven Skirmisher (3 of 3),https://vignette.wikia.nocookie.net/witcher/images/2/20/Tw3_gwent_card_face_Dwarevn_Skirmisher_3.png/revision/latest?cb=20160624130152,gwint_card_dol_dwarf3
Monsters,Earth Elemental,https://vignette.wikia.nocookie.net/witcher/images/3/3f/Tw3_gwent_card_face_Earth_Elemental.png/revision/latest?cb=20160425170118,gwint_card_earth_elemental
Scoia'tael,Eithné,https://vignette.wikia.nocookie.net/witcher/images/c/ce/Tw3_gwent_card_face_Eithne.png/revision/latest?cb=20160624130437,gwint_card_eithne
Scoia'tael,Elven Skirmisher (1 of 3),https://vignette.wikia.nocookie.net/witcher/images/2/21/Tw3_gwent_card_face_Elven_Skirmisher_3.png/revision/latest?cb=20180415223214,gwint_card_elf_skirmisher
Scoia'tael,Elven Skirmisher (2 of 3),https://vignette.wikia.nocookie.net/witcher/images/e/eb/Tw3_gwent_card_face_Elven_Skirmisher_1.png/revision/latest?cb=20160624130505,gwint_card_elf_skirmisher2
Scoia'tael,Elven Skirmisher (3 of 3),https://vignette.wikia.nocookie.net/witcher/images/9/96/Tw3_gwent_card_face_Elven_Skirmisher_2.png/revision/latest?cb=20160624130527,gwint_card_elf_skirmisher3
Nilfgaard,Emhyr var Emreis: Emperor of Nilfgaard,https://vignette.wikia.nocookie.net/witcher/images/1/1c/Tw3_gwent_card_face_Emhyr_var_Emreis_Emperor_of_Nilfgaard.png/revision/latest?cb=20160630124904,gwint_card_emhyr_bronze
Nilfgaard,Emhyr var Emreis: His Imperial Majesty,https://vignette.wikia.nocookie.net/witcher/images/f/fa/Tw3_gwent_card_face_Emhyr_var_Emreis_His_Imperial_Majesty.png/revision/latest?cb=20160630125149,gwint_card_emhyr_copper
Nilfgaard,Emhyr var Emreis: The Relentless,https://vignette.wikia.nocookie.net/witcher/images/9/9d/Tw3_gwent_card_face_Emhyr_var_Emreis_the_Relentless.png/revision/latest?cb=20160630125422,gwint_card_emhyr_gold
Nilfgaard,Emhyr var Emreis: The White Flame,https://vignette.wikia.nocookie.net/witcher/images/7/77/Tw3_gwent_card_face_Emhyr_var_Emreis_the_White_Flame.png/revision/latest?cb=20180415175629,gwint_card_emhyr_silver
Neutral,Emiel Regis Rohellec Terzieff,https://vignette.wikia.nocookie.net/witcher/images/0/0a/Tw3_gwent_card_face_Emiel_Regis.png/revision/latest?cb=20160617183243,gwint_card_emiel
Monsters,Endrega,https://vignette.wikia.nocookie.net/witcher/images/b/b5/Tw3_gwent_card_face_Endrega.png/revision/latest?cb=20160417184716,gwint_card_endrega
Monsters,Eredin: Bringer of Death,https://vignette.wikia.nocookie.net/witcher/images/f/fd/Tw3_gwent_card_face_Eredin_Bringer_of_Death.png/revision/latest?cb=20160617173157,gwint_card_eredin_gold
Monsters,Eredin: Commander of the Red Riders,https://vignette.wikia.nocookie.net/witcher/images/4/43/Tw3_gwent_card_face_Eredin_Commander_of_the_Red_Riders.png/revision/latest?cb=20160425145454,gwint_card_eredin_bronze
Monsters,Eredin: Destroyer of Worlds,https://vignette.wikia.nocookie.net/witcher/images/1/17/Tw3_gwent_card_face_Eredin_Destroyer_of_Worlds.png/revision/latest?cb=20160425151424,gwint_card_eredin_silver
Monsters,Eredin: King of the Wild Hunt,https://vignette.wikia.nocookie.net/witcher/images/b/b6/Tw3_gwent_card_face_Eredin_King_of_the_Wild_Hunt.png/revision/latest?cb=20180415175535,gwint_card_eredin_copper
Northern Realms,Esterad Thyssen,https://vignette.wikia.nocookie.net/witcher/images/7/7d/Tw3_gwent_card_face_Esterad_Thyssen.png/revision/latest?cb=20160320093527,gwint_card_esterad
Nilfgaard,Etolian Auxiliary Archers (1 of 2),https://vignette.wikia.nocookie.net/witcher/images/6/64/Tw3_gwent_card_face_Etolian_Auxiliary_Archers_1.png/revision/latest?cb=20160630125524,gwint_card_archer_support
Nilfgaard,Etolian Auxiliary Archers (2 of 2),https://vignette.wikia.nocookie.net/witcher/images/b/bb/Tw3_gwent_card_face_Etolian_Auxiliary_Archers_2.png/revision/latest?cb=20160630125558,gwint_card_archer_support2
Monsters,Fiend,https://vignette.wikia.nocookie.net/witcher/images/5/52/Tw3_gwent_card_face_Fiend.png/revision/latest?cb=20160425164718,gwint_card_fiend
Scoia'tael,Filavandrel aen Fidhail,https://vignette.wikia.nocookie.net/witcher/images/0/02/Tw3_gwent_card_face_Filavandrel_aen_Fidhail.png/revision/latest?cb=20160624151912,gwint_card_filavandrel
Monsters,Fire Elemental,https://vignette.wikia.nocookie.net/witcher/images/a/ae/Tw3_gwent_card_face_Fire_Elemental.png/revision/latest?cb=20160425174944,gwint_card_fire_elemental
Monsters,Foglet,https://vignette.wikia.nocookie.net/witcher/images/2/21/Tw3_gwent_card_face_Foglet.png/revision/latest?cb=20160425170541,gwint_card_fogling
Northern Realms,Foltest: King of Temeria,https://vignette.wikia.nocookie.net/witcher/images/b/ba/Tw3_gwent_card_face_Foltest_King_of_Temeria.png/revision/latest?cb=20160320082442,gwint_card_foltest_copper
Northern Realms,Foltest: Lord Commander of the North,https://vignette.wikia.nocookie.net/witcher/images/7/7e/Tw3_gwent_card_face_Foltest_Lord_Commander_of_the_North.png/revision/latest?cb=20160320083102,gwint_card_foltest_bronze
Northern Realms,Foltest: The Siegemaster,https://vignette.wikia.nocookie.net/witcher/images/8/80/Tw3_gwent_card_face_Foltest_the_Siegemaster.png/revision/latest?cb=20160617173724,gwint_card_foltest_silver
Northern Realms,Foltest: The Steel-Forged,https://vignette.wikia.nocookie.net/witcher/images/a/ae/Tw3_gwent_card_face_Foltest_the_Steel-Forged.png/revision/latest?cb=20160320083847,gwint_card_foltest_gold
Monsters,Forktail,https://vignette.wikia.nocookie.net/witcher/images/b/bf/Tw3_gwent_card_face_Forktail.png/revision/latest?cb=20160425175417,gwint_card_forktail
Scoia'tael,Francesca Findabair: Daisy of the Valley,https://vignette.wikia.nocookie.net/witcher/images/b/bb/Tw3_gwent_card_face_Francesca_Findabair_Daisy_of_the_Valley.png/revision/latest?cb=20180415043326,gwint_card_francesca_bronze
Scoia'tael,Francesca Findabair: Pureblood Elf,https://vignette.wikia.nocookie.net/witcher/images/1/1b/Tw3_gwent_card_face_Francesca_Findabair_Pureblood_Elf.png/revision/latest?cb=20180415043140,gwint_card_francesca_copper
Scoia'tael,Francesca Findabair: Queen of Dol Blathanna,https://vignette.wikia.nocookie.net/witcher/images/b/b1/Tw3_gwent_card_face_Francesca_Findabair_Queen_of_Dol_Blathanna.png/revision/latest?cb=20180415043422,gwint_card_francesca_gold
Scoia'tael,Francesca Findabair: The Beautiful,https://vignette.wikia.nocookie.net/witcher/images/f/f1/Tw3_gwent_card_face_Francesca_Findabair_the_Beautiful.png/revision/latest?cb=20180415043241,gwint_card_francesca_silver
Monsters,Frightener,https://vignette.wikia.nocookie.net/witcher/images/f/f8/Tw3_gwent_card_face_Frightener.png/revision/latest?cb=20160425175858,gwint_card_frightener
Nilfgaard,Fringilla Vigo,https://vignette.wikia.nocookie.net/witcher/images/8/83/Tw3_gwent_card_face_Fringilla_Vigo.png/revision/latest?cb=20160416164700,gwint_card_fringilla
Monsters,Gargoyle,https://vignette.wikia.nocookie.net/witcher/images/6/6e/Tw3_gwent_card_face_Gargoyle.png/revision/latest?cb=20160425180126,gwint_card_gargoyle
Neutral,Geralt of Rivia,https://vignette.wikia.nocookie.net/witcher/images/a/a6/Tw3_gwent_card_face_Geralt.png/revision/latest?cb=20151026181409,gwint_card_geralt
Monsters,Ghoul (1 of 3),https://vignette.wikia.nocookie.net/witcher/images/7/76/Tw3_gwent_card_face_Ghoul_3.png/revision/latest?cb=20160425180654,gwint_card_ghoul
Monsters,Ghoul (2 of 3),https://vignette.wikia.nocookie.net/witcher/images/0/09/Tw3_gwent_card_face_Ghoul_1.png/revision/latest?cb=20160425180654,gwint_card_ghoul2
Monsters,Ghoul (3 of 3),https://vignette.wikia.nocookie.net/witcher/images/0/03/Tw3_gwent_card_face_Ghoul_2.png/revision/latest?cb=20160425180654,gwint_card_ghoul3
Monsters,Grave Hag,https://vignette.wikia.nocookie.net/witcher/images/6/64/Tw3_gwent_card_face_Grave_Hag.png/revision/latest?cb=20160425181214,gwint_card_grave_hag
Monsters,Griffin,https://vignette.wikia.nocookie.net/witcher/images/6/61/Tw3_gwent_card_face_Griffin.png/revision/latest?cb=20160425181505,gwint_card_griffin
Monsters,Harpy,https://vignette.wikia.nocookie.net/witcher/images/e/e1/Tw3_gwent_card_face_Harpy.png/revision/latest?cb=20160415131903,gwint_card_harpy
Scoia'tael,Havekar Healer (1 of 3),https://vignette.wikia.nocookie.net/witcher/images/5/5c/Tw3_gwent_card_face_Havekar_Healer_3.png/revision/latest?cb=20160624161050,gwint_card_havekar_nurse
Scoia'tael,Havekar Healer (2 of 3),https://vignette.wikia.nocookie.net/witcher/images/4/4f/Tw3_gwent_card_face_Havekar_Healer_2.png/revision/latest?cb=20160624161017,gwint_card_havekar_nurse2
Scoia'tael,Havekar Healer (3 of 3),https://vignette.wikia.nocookie.net/witcher/images/f/fc/Tw3_gwent_card_face_Havekar_Healer_1.png/revision/latest?cb=20160624160733,gwint_card_havekar_nurse3
Scoia'tael,Havekar Smuggler (1 of 3),https://vignette.wikia.nocookie.net/witcher/images/b/ba/Tw3_gwent_card_face_Havekar_Smuggler_3.png/revision/latest?cb=20160624161245,gwint_card_havekar_support
Scoia'tael,Havekar Smuggler (2 of 3),https://vignette.wikia.nocookie.net/witcher/images/9/98/Tw3_gwent_card_face_Havekar_Smuggler_2.png/revision/latest?cb=20160624161155,gwint_card_havekar_support2
Scoia'tael,Havekar Smuggler (3 of 3),https://vignette.wikia.nocookie.net/witcher/images/f/fa/Tw3_gwent_card_face_Havekar_Smuggler_1.png/revision/latest?cb=20160624161135,gwint_card_havekar_support3
Nilfgaard,Heavy Zerrikanian Fire Scorpion,https://vignette.wikia.nocookie.net/witcher/images/7/73/Tw3_gwent_card_face_Heavy_Zerrikanian_Fire_Scorpion.png/revision/latest?cb=20160630130011,gwint_card_heavy_zerri
Monsters,Ice Giant,https://vignette.wikia.nocookie.net/witcher/images/f/f1/Tw3_gwent_card_face_Ice_Giant.png/revision/latest?cb=20180415221456,gwint_card_ice_giant
Scoia'tael,Ida Emean aep Sivney,https://vignette.wikia.nocookie.net/witcher/images/8/84/Tw3_gwent_card_face_Ida_Emean_aep_Sivney.png/revision/latest?cb=20160410063004,gwint_card_ida
Monsters,Imlerith,https://vignette.wikia.nocookie.net/witcher/images/3/3b/Tw3_gwent_card_face_Imlerith.png/revision/latest?cb=20160425181855,gwint_card_imlerith
Neutral,Impenetrable Fog,https://vignette.wikia.nocookie.net/witcher/images/8/8a/Tw3_gwent_card_face_Impenetrable_Fog.png/revision/latest?cb=20151026181625,gwint_card_fog
Nilfgaard,Impera Brigade Guard (1 of 4),https://vignette.wikia.nocookie.net/witcher/images/0/04/Tw3_gwent_card_face_Impera_Brigade_Guard_1.png/revision/latest?cb=20160630130123,gwint_card_impera_brigade
Nilfgaard,Impera Brigade Guard (2 of 4),https://vignette.wikia.nocookie.net/witcher/images/0/04/Tw3_gwent_card_face_Impera_Brigade_Guard_1.png/revision/latest?cb=20160630130123,gwint_card_impera_brigade2
Nilfgaard,Impera Brigade Guard (3 of 4),https://vignette.wikia.nocookie.net/witcher/images/0/04/Tw3_gwent_card_face_Impera_Brigade_Guard_1.png/revision/latest?cb=20160630130123,gwint_card_impera_brigade3
Nilfgaard,Impera Brigade Guard (4 of 4),https://vignette.wikia.nocookie.net/witcher/images/0/04/Tw3_gwent_card_face_Impera_Brigade_Guard_1.png/revision/latest?cb=20160630130123,gwint_card_impera_brigade4
Scoia'tael,Iorveth,https://vignette.wikia.nocookie.net/witcher/images/7/78/Tw3_gwent_card_face_Iorveth.png/revision/latest?cb=20160624161406,gwint_card_iorveth
Scoia'tael,Isengrim Faoiltiarna,https://vignette.wikia.nocookie.net/witcher/images/a/a3/Tw3_gwent_card_face_Isengrim_Faoiltiarna.png/revision/latest?cb=20160425211256,gwint_card_isengrim
Northern Realms,John Natalis,https://vignette.wikia.nocookie.net/witcher/images/2/28/Tw3_gwent_card_face_John_Natalis.png/revision/latest?cb=20160320093818,gwint_card_natalis
Northern Realms,Kaedweni Siege Expert (1 of 3),https://vignette.wikia.nocookie.net/witcher/images/3/38/Tw3_gwent_card_face_Kaedweni_Siege_Expert_1.png/revision/latest?cb=20160320092015,gwint_card_kaedwen_siege
Northern Realms,Kaedweni Siege Expert (2 of 3),https://vignette.wikia.nocookie.net/witcher/images/3/38/Tw3_gwent_card_face_Kaedweni_Siege_Expert_1.png/revision/latest?cb=20160320092015,gwint_card_kaedwen_siege2
Northern Realms,Kaedweni Siege Expert (3 of 3),https://vignette.wikia.nocookie.net/witcher/images/3/38/Tw3_gwent_card_face_Kaedweni_Siege_Expert_1.png/revision/latest?cb=20160320092015,gwint_card_kaedwen_siege3
Monsters,Kayran,https://vignette.wikia.nocookie.net/witcher/images/4/48/Tw3_gwent_card_face_Kayran.png/revision/latest?cb=20160425182605,gwint_card_kayran
Northern Realms,Keira Metz,https://vignette.wikia.nocookie.net/witcher/images/1/14/Tw3_gwent_card_face_Keira_Metz.png/revision/latest?cb=20160320094012,gwint_card_keira
Monsters,Leshen,https://vignette.wikia.nocookie.net/witcher/images/8/86/Tw3_gwent_card_face_Leshen.png/revision/latest?cb=20160425183417,gwint_card_leshen
Nilfgaard,Letho of Gulet,https://vignette.wikia.nocookie.net/witcher/images/d/de/Tw3_gwent_card_face_Letho_of_Gulet.png/revision/latest?cb=20160320210606,gwint_card_letho
Scoia'tael,Mahakaman Defender (1 of 5),https://vignette.wikia.nocookie.net/witcher/images/c/cd/Tw3_gwent_card_face_Mahakaman_Defender_1.png/revision/latest?cb=20160624161815,gwint_card_mahakam
Scoia'tael,Mahakaman Defender (2 of 5),https://vignette.wikia.nocookie.net/witcher/images/3/3c/Tw3_gwent_card_face_Mahakaman_Defender_5.png/revision/latest?cb=20160624162315,gwint_card_mahakam2
Scoia'tael,Mahakaman Defender (3 of 5),https://vignette.wikia.nocookie.net/witcher/images/6/65/Tw3_gwent_card_face_Mahakaman_Defender_4.png/revision/latest?cb=20160624162248,gwint_card_mahakam3
Scoia'tael,Mahakaman Defender (4 of 5),https://vignette.wikia.nocookie.net/witcher/images/b/b2/Tw3_gwent_card_face_Mahakaman_Defender_3.png/revision/latest?cb=20160624162137,gwint_card_mahakam4
Scoia'tael,Mahakaman Defender (5 of 5),https://vignette.wikia.nocookie.net/witcher/images/8/88/Tw3_gwent_card_face_Mahakaman_Defender_2.png/revision/latest?cb=20160624161924,gwint_card_mahakam5
Nilfgaard,Menno Coehoorn,https://vignette.wikia.nocookie.net/witcher/images/e/ea/Tw3_gwent_card_face_Menno_Coehoorn.png/revision/latest?cb=20160630130243,gwint_card_menno
Scoia'tael,Milva,https://vignette.wikia.nocookie.net/witcher/images/4/43/Tw3_gwent_card_face_Milva.png/revision/latest?cb=20160426201120,gwint_card_milva
Nilfgaard,Morteisen,https://vignette.wikia.nocookie.net/witcher/images/d/d6/Tw3_gwent_card_face_Morteisen.png/revision/latest?cb=20160514144001,gwint_card_morteisen
Nilfgaard,Morvran Voorhis,https://vignette.wikia.nocookie.net/witcher/images/5/50/Tw3_gwent_card_face_Morvran_Voorhis.png/revision/latest?cb=20160419175137,gwint_card_moorvran
Neutral,Mysterious Elf,https://vignette.wikia.nocookie.net/witcher/images/5/54/Tw3_gwent_card_face_Mysterious_Elf.png/revision/latest?cb=20151026174236,gwint_card_avallach
Nilfgaard,Nausicaa Cavalry Rider (1 of 3),https://vignette.wikia.nocookie.net/witcher/images/c/c5/Tw3_gwent_card_face_Nausicaa_Cavalry_Rider_1.png/revision/latest?cb=20160630130413,gwint_card_nausicaa
Nilfgaard,Nausicaa Cavalry Rider (2 of 3),https://vignette.wikia.nocookie.net/witcher/images/c/c5/Tw3_gwent_card_face_Nausicaa_Cavalry_Rider_1.png/revision/latest?cb=20160630130413,gwint_card_nausicaa2
Nilfgaard,Nausicaa Cavalry Rider (3 of 3),https://vignette.wikia.nocookie.net/witcher/images/c/c5/Tw3_gwent_card_face_Nausicaa_Cavalry_Rider_1.png/revision/latest?cb=20160630130413,gwint_card_nausicaa3
Monsters,Nekker (1 of 3),https://vignette.wikia.nocookie.net/witcher/images/b/be/Tw3_gwent_card_face_Nekker_1.png/revision/latest?cb=20160425183820,gwint_card_nekker
Monsters,Nekker (2 of 3),https://vignette.wikia.nocookie.net/witcher/images/2/25/Tw3_gwent_card_face_Nekker_3.png/revision/latest?cb=20160425183820,gwint_card_nekker2
Monsters,Nekker (3 of 3),https://vignette.wikia.nocookie.net/witcher/images/5/5c/Tw3_gwent_card_face_Nekker_2.png/revision/latest?cb=20160425183820,gwint_card_nekker3
Northern Realms,Philippa Eilhart,https://vignette.wikia.nocookie.net/witcher/images/b/bf/Tw3_gwent_card_face_Philippa_Eilhart.png/revision/latest?cb=20160320094149,gwint_card_philippa
Monsters,Plague Maiden,https://vignette.wikia.nocookie.net/witcher/images/f/fd/Tw3_gwent_card_face_Plague_Maiden.png/revision/latest?cb=20160425184836,gwint_card_plague_maiden
Northern Realms,Poor Fucking Infantry (1 of 4),https://vignette.wikia.nocookie.net/witcher/images/1/16/Tw3_gwent_card_face_Poor_Fucking_Infantry.png/revision/latest?cb=20160320094501,gwint_card_poor_infantry2
Northern Realms,Poor Fucking Infantry (2 of 4),https://vignette.wikia.nocookie.net/witcher/images/1/16/Tw3_gwent_card_face_Poor_Fucking_Infantry.png/revision/latest?cb=20160320094501,gwint_card_poor_infantry2
Northern Realms,Poor Fucking Infantry (3 of 4),https://vignette.wikia.nocookie.net/witcher/images/1/16/Tw3_gwent_card_face_Poor_Fucking_Infantry.png/revision/latest?cb=20160320094501,gwint_card_poor_infantry3
Northern Realms,Poor Fucking Infantry (4 of 4),https://vignette.wikia.nocookie.net/witcher/images/1/16/Tw3_gwent_card_face_Poor_Fucking_Infantry.png/revision/latest?cb=20160320094501,gwint_card_poor_infantry3
Northern Realms,Prince Stennis,https://vignette.wikia.nocookie.net/witcher/images/4/4f/Tw3_gwent_card_face_Prince_Stennis.png/revision/latest?cb=20160617173818,gwint_card_stennis
Nilfgaard,Puttkammer,https://vignette.wikia.nocookie.net/witcher/images/0/04/Tw3_gwent_card_face_Puttkamer.png/revision/latest?cb=20160630130445,gwint_card_puttkammer
Nilfgaard,Rainfarn,https://vignette.wikia.nocookie.net/witcher/images/8/80/Tw3_gwent_card_face_Rainfarn.png/revision/latest?cb=20160630130601,gwint_card_rainfarn
Northern Realms,Redanian Foot Soldier (1 of 2),https://vignette.wikia.nocookie.net/witcher/images/3/3d/Tw3_gwent_card_face_Redanian_Foot_Soldier_1.png/revision/latest?cb=20160617173920,gwint_card_redania
Northern Realms,Redanian Foot Soldier (2 of 2),https://vignette.wikia.nocookie.net/witcher/images/b/b6/Tw3_gwent_card_face_Redanian_Foot_Soldier_2.png/revision/latest?cb=20160617173959,gwint_card_redania2
Nilfgaard,Renuald aep Matsen,https://vignette.wikia.nocookie.net/witcher/images/d/d8/Tw3_gwent_card_face_Renuald_aep_Matsen.png/revision/latest?cb=20160630130651,gwint_card_renuald
Scoia'tael,Riordain,https://vignette.wikia.nocookie.net/witcher/images/6/6c/Tw3_gwent_card_face_Riordain.png/revision/latest?cb=20160624162454,gwint_card_riordain
Nilfgaard,Rotten Mangonel,https://vignette.wikia.nocookie.net/witcher/images/1/18/Tw3_gwent_card_face_Rotten_Mangonel.png/revision/latest?cb=20160630154112,gwint_card_rotten
Northern Realms,Sabrina Glevissig,https://vignette.wikia.nocookie.net/witcher/images/7/76/Tw3_gwent_card_face_Sabrina_Glevissig.png/revision/latest?cb=20160617174133,gwint_card_sabrina
Scoia'tael,Saesenthessis,https://vignette.wikia.nocookie.net/witcher/images/5/56/Tw3_gwent_card_face_Saesenthessis.png/revision/latest?cb=20160625115451,gwint_card_saskia
Neutral,Scorch,https://vignette.wikia.nocookie.net/witcher/images/b/b8/Tw3_gwent_card_face_Scorch.png/revision/latest?cb=20151026181736,gwint_card_scorch
Northern Realms,Sheldon Skaggs,https://vignette.wikia.nocookie.net/witcher/images/a/ac/Tw3_gwent_card_face_Sheldon_Skaggs.png/revision/latest?cb=20160617174243,gwint_card_sheldon
Nilfgaard,Shilard Fitz-Oesterlen,https://vignette.wikia.nocookie.net/witcher/images/6/6f/Tw3_gwent_card_face_Shilard_Fitz-Oesterlen.png/revision/latest?cb=20160630130737,gwint_card_shilard
Nilfgaard,Siege Engineer,https://vignette.wikia.nocookie.net/witcher/images/4/40/Tw3_gwent_card_face_Siege_Engineer.png/revision/latest?cb=20160630130811,gwint_card_combat_engineer
Nilfgaard,Siege Technician,https://vignette.wikia.nocookie.net/witcher/images/3/38/Tw3_gwent_card_face_Siege_Technician.png/revision/latest?cb=20160630130859,gwint_card_siege_support
Northern Realms,Siege Tower,https://vignette.wikia.nocookie.net/witcher/images/f/fd/Tw3_gwent_card_face_Siege_Tower.png/revision/latest?cb=20160320090203,gwint_card_siege_tower
Northern Realms,Siegfried of Denesle,https://vignette.wikia.nocookie.net/witcher/images/6/6e/Tw3_gwent_card_face_Siegfried_of_Denesle.png/revision/latest?cb=20160617174325,gwint_card_siegfried
Northern Realms,Sigismund Dijkstra,https://vignette.wikia.nocookie.net/witcher/images/7/7b/Tw3_gwent_card_face_Sigismund_Dijkstra.png/revision/latest?cb=20160320092811,gwint_card_dijkstra
Northern Realms,Síle de Tansarville,https://vignette.wikia.nocookie.net/witcher/images/c/c7/Tw3_gwent_card_face_Sile_de_Tansarville.png/revision/latest?cb=20160320100603,gwint_name_sile
Nilfgaard,Stefan Skellen,https://vignette.wikia.nocookie.net/witcher/images/e/e4/Tw3_gwent_card_face_Stefan_Skellen.png/revision/latest?cb=20160630130923,gwint_card_stefan
Nilfgaard,Sweers,https://vignette.wikia.nocookie.net/witcher/images/2/21/Tw3_gwent_card_face_Sweers.png/revision/latest?cb=20160630131403,gwint_card_sweers
Northern Realms,Thaler,https://vignette.wikia.nocookie.net/witcher/images/9/90/Tw3_gwent_card_face_Thaler.png/revision/latest?cb=20160320092217,gwint_card_thaler
Nilfgaard,Tibor Eggebracht,https://vignette.wikia.nocookie.net/witcher/images/9/93/Tw3_gwent_card_face_Tibor_Eggebracht.png/revision/latest?cb=20160630131443,gwint_card_tibor
Neutral,Torrential Rain,https://vignette.wikia.nocookie.net/witcher/images/8/87/Tw3_gwent_card_face_Torrential_Rain.png/revision/latest?cb=20151026181925,gwint_card_rain
Scoia'tael,Toruviel,https://vignette.wikia.nocookie.net/witcher/images/5/50/Tw3_gwent_card_face_Toruviel.png/revision/latest?cb=20160624162718,gwint_card_toruviel
Northern Realms,Trebuchet (1 of 2),https://vignette.wikia.nocookie.net/witcher/images/7/73/Tw3_gwent_card_face_Trebuchet_1.png/revision/latest?cb=20160320091347,gwint_card_trebuchet
Northern Realms,Trebuchet (2 of 2),https://vignette.wikia.nocookie.net/witcher/images/b/bb/Tw3_gwent_card_face_Trebuchet_2.png/revision/latest?cb=20180510194959,gwint_card_trebuchet2
Neutral,Triss Merigold,https://vignette.wikia.nocookie.net/witcher/images/0/03/Tw3_gwent_card_face_Triss.png/revision/latest?cb=20151026182233,gwint_card_triss
Monsters,Vampire: Bruxa,https://vignette.wikia.nocookie.net/witcher/images/e/e2/Tw3_gwent_card_face_Vampire_Bruxa.png/revision/latest?cb=20160425172906,gwint_card_bruxa
Monsters,Vampire: Ekimmara,https://vignette.wikia.nocookie.net/witcher/images/a/a8/Tw3_gwent_card_face_Vampire_Ekimmara.png/revision/latest?cb=20160425172238,gwint_card_ekkima
Monsters,Vampire: Fleder,https://vignette.wikia.nocookie.net/witcher/images/2/23/Tw3_gwent_card_face_Vampire_Fleder.png/revision/latest?cb=20160425173811,gwint_card_fleder
Monsters,Vampire: Garkain,https://vignette.wikia.nocookie.net/witcher/images/2/2d/Tw3_gwent_card_face_Vampire_Garkain.png/revision/latest?cb=20160425174414,gwint_card_garkain
Monsters,Vampire: Katakan,https://vignette.wikia.nocookie.net/witcher/images/e/e4/Tw3_gwent_card_face_Vampire_Katakan.png/revision/latest?cb=20160425174650,gwint_card_katakan
Nilfgaard,Vanhemar,https://vignette.wikia.nocookie.net/witcher/images/c/ce/Tw3_gwent_card_face_Vanhemar.png/revision/latest?cb=20160630131540,gwint_card_vanhemar
Nilfgaard,Vattier de Rideaux,https://vignette.wikia.nocookie.net/witcher/images/3/33/Tw3_gwent_card_face_Vattier_de_Rideaux.png/revision/latest?cb=20160324143806,gwint_card_vattier
Northern Realms,Vernon Roche,https://vignette.wikia.nocookie.net/witcher/images/8/8a/Tw3_gwent_card_face_Vernon_Roche.png/revision/latest?cb=20160320101435,gwint_card_vernon
Northern Realms,Ves,https://vignette.wikia.nocookie.net/witcher/images/6/67/Tw3_gwent_card_face_Ves.png/revision/latest?cb=20160320101215,gwint_card_ves
Neutral,Vesemir,https://vignette.wikia.nocookie.net/witcher/images/f/f8/Tw3_gwent_card_face_Vesemir.png/revision/latest?cb=20151026182442,gwint_card_vesemir
Neutral,Villentretenmerth,https://vignette.wikia.nocookie.net/witcher/images/c/c9/Tw3_gwent_card_face_Villentretenmerth.png/revision/latest?cb=20160416164859,gwint_card_villen
Nilfgaard,Vreemde,https://vignette.wikia.nocookie.net/witcher/images/3/3f/Tw3_gwent_card_face_Vreemde.png/revision/latest?cb=20160630131628,gwint_card_vreemde
Scoia'tael,Vrihedd Brigade Recruit,https://vignette.wikia.nocookie.net/witcher/images/b/bd/Tw3_gwent_card_face_Vrihedd_Brigade_Recruit.png/revision/latest?cb=20160624162804,gwint_card_vrihedd_cadet
Scoia'tael,Vrihedd Brigade Veteran (1 of 2),https://vignette.wikia.nocookie.net/witcher/images/9/9b/Tw3_gwent_card_face_Vrihedd_Brigade_Veteran_2.png/revision/latest?cb=20160624162914,gwint_card_vrihedd_brigade
Scoia'tael,Vrihedd Brigade Veteran (2 of 2),https://vignette.wikia.nocookie.net/witcher/images/4/40/Tw3_gwent_card_face_Vrihedd_Brigade_Veteran_1.png/revision/latest?cb=20160624162835,gwint_card_vrihedd_brigade2
Monsters,Werewolf,https://vignette.wikia.nocookie.net/witcher/images/2/25/Tw3_gwent_card_face_Werewolf.png/revision/latest?cb=20160425185214,gwint_card_werewolf
Monsters,Wyvern,https://vignette.wikia.nocookie.net/witcher/images/2/25/Tw3_gwent_card_face_Werewolf.png/revision/latest?cb=20160425185214,gwint_card_wyvern
Scoia'tael,Yaevinn,https://vignette.wikia.nocookie.net/witcher/images/f/fa/Tw3_gwent_card_face_Yaevinn.png/revision/latest?cb=20160624163036,gwint_card_yaevinn
Northern Realms,Yarpen Zigrin,https://vignette.wikia.nocookie.net/witcher/images/8/84/Tw3_gwent_card_face_Yarpen_Zigrin.png/revision/latest?cb=20160320092544,gwint_card_yarpen
Neutral,Yennefer of Vengerberg,https://vignette.wikia.nocookie.net/witcher/images/8/8e/Tw3_gwent_card_face_Yennefer.png/revision/latest?cb=20160322104514,gwint_card_yennefer
Nilfgaard,Young Emissary (1 of 2),https://vignette.wikia.nocookie.net/witcher/images/8/80/Tw3_gwent_card_face_Young_Emmisary_1.png/revision/latest?cb=20160630131653,gwint_card_young_emissary
Nilfgaard,Young Emissary (2 of 2),https://vignette.wikia.nocookie.net/witcher/images/2/25/Tw3_gwent_card_face_Young_Emmisary_2.png/revision/latest?cb=20160630131744,gwint_card_young_emissary2
Nilfgaard,Zerrikanian Fire Scorpion,https://vignette.wikia.nocookie.net/witcher/images/4/41/Tw3_gwent_card_face_Zerrikanian_Fire_Scorpion.png/revision/latest?cb=20160630131811,gwint_card_zerri
Neutral,Zoltan Chivay,https://vignette.wikia.nocookie.net/witcher/images/a/a9/Tw3_gwent_card_face_Zoltan.png/revision/latest?cb=20180415222748,gwint_card_zoltan
Neutral,Cow,https://static.wikia.nocookie.net/witcher/images/0/08/Tw3_gwent_card_face_Cow.png/revision/latest?cb=20151026152441,gwint_card_cow
Monsters,Eredin Bréacc Glas: The Treacherous,https://static.wikia.nocookie.net/witcher/images/8/8b/Tw3_gwent_card_face_Eredin_The_Treacherous.png/revision/latest?cb=20160617174744,gwint_card_eredin_platinium
Scoia'tael,Francesca Findabair: Hope of the Aen Seidhe,https://static.wikia.nocookie.net/witcher/images/2/21/Tw3_gwent_card_face_Francesca_Findabair_Hope_of_the_Aen_Seidhe.png/revision/latest?cb=20180415043449,gwint_card_francesca_platinium
Neutral,Gaunter O'Dimm: Darkness,https://static.wikia.nocookie.net/witcher/images/c/c9/Tw3_gwent_card_face_Gaunter_ODimm_Darkness.png/revision/latest?cb=20151026152613,gwint_card_mrmirror_foglet
Northern Realms,Foltest: Son of Medell,https://static.wikia.nocookie.net/witcher/images/2/24/Tw3_gwent_card_face_Foltest_Son_of_Medell.png/revision/latest?cb=20151026143958,gwint_card_foltest_platinium
Scoia'tael,Schirrú,https://static.wikia.nocookie.net/witcher/images/4/41/Tw3_gwent_card_face_Schirru.png/revision/latest?cb=20160426202939,gwint_card_schirru
Nilfgaard,Emhyr var Emreis: Invader of the North,https://static.wikia.nocookie.net/witcher/images/c/cb/Tw3_gwent_card_face_Emhyr_var_Emreis_Invader_of_the_North.png/revision/latest?cb=20160630125353,gwint_card_emhyr_platinium
Neutral,Gaunter O'Dimm,https://static.wikia.nocookie.net/witcher/images/d/d3/Tw3_gwent_card_face_Gaunt_ODimm.png/revision/latest?cb=20180415222047,gwint_card_mrmirror
Neutral,Olgierd von Everec,https://static.wikia.nocookie.net/witcher/images/b/b4/Tw3_gwent_card_face_Olgierd_von_Everec.png/revision/latest?cb=20160329071156,gwint_card_olgierd
Monsters,Toad,https://static.wikia.nocookie.net/witcher/images/1/1f/Tw3_gwent_card_face_Toad.png/revision/latest?cb=20160329070657,gwint_card_toad
Skellige,Berserker,https://static.wikia.nocookie.net/witcher/images/6/65/Tw3_gwent_face_Berserker.png/revision/latest?cb=20160701162017,gwint_card_berserker
Skellige,Birna Bran,https://static.wikia.nocookie.net/witcher/images/2/23/Tw3_gwent_face_Birna_Bran.png/revision/latest?cb=20160701152955,gwint_card_birna_bran
Skellige,Blueboy Lugos,https://static.wikia.nocookie.net/witcher/images/b/bd/Tw3_gwent_face_Blueboy_Lugos.png/revision/latest?cb=20160701153543,gwint_card_blueboy_lugos
Skellige,Clan Heymaey Skald,https://static.wikia.nocookie.net/witcher/images/9/96/Tw3_gwent_face_Clan_Heymaey_Skald.png/revision/latest?cb=20160701153348,gwint_card_clan_heymaey_skald
Skellige,Clan Tordarroch Armorsmith,https://static.wikia.nocookie.net/witcher/images/7/7f/Tw3_gwent_face_Clan_Tordarroch_Armorsmith.png/revision/latest?cb=20160701162056,gwint_card_clan_tordarroch_armorsmith
Skellige,Clan an Craite Warrior,https://static.wikia.nocookie.net/witcher/images/0/05/Tw3_gwent_face_Clan_an_Craite_Warrior.png/revision/latest?cb=20160701162300,gwint_card_clan_an_craite_warrior
Skellige,Crach an Craite,https://static.wikia.nocookie.net/witcher/images/d/da/Tw3_gwent_card_face_Crach_an_Craite.png/revision/latest?cb=20160630133656,gwint_card_king_bran_copper
Skellige,Donar an Hindar,https://static.wikia.nocookie.net/witcher/images/8/8d/Tw3_gwent_face_Donar_an_Hindar.png/revision/latest?cb=20160701162356,gwint_card_donar_an_hindar
Skellige,Hjalmar,https://static.wikia.nocookie.net/witcher/images/8/81/Tw3_gwent_face_Hjalmar.png/revision/latest?cb=20160701153300,gwint_card_hjalmar
Skellige,Holger Blackhand,https://static.wikia.nocookie.net/witcher/images/f/f8/Tw3_gwent_face_Holger_Blackhand.png/revision/latest?cb=20160701162533,gwint_card_holger_blackhand
Skellige,Madman Lugos,https://static.wikia.nocookie.net/witcher/images/9/93/Tw3_gwent_face_Madman_Lugos.png/revision/latest?cb=20160701153214,gwint_card_madman_lugos
Skellige,Svanrige,https://static.wikia.nocookie.net/witcher/images/4/4a/Tw3_gwent_face_Svanrige.png/revision/latest?cb=20160701162139,gwint_card_svanrige
Skellige,Udalryk,https://static.wikia.nocookie.net/witcher/images/9/9a/Tw3_gwent_face_Udalryk.png/revision/latest?cb=20160701162751,gwint_card_udalryk
Skellige,Clan Brokvar Archer (1 of 3),https://static.wikia.nocookie.net/witcher/images/f/f2/Tw3_gwent_face_Clan_Brokvar_Archer.png/revision/latest?cb=20160701162447,gwint_card_clan_brokvar_archer
Skellige,Clan Brokvar Archer (2 of 3),https://static.wikia.nocookie.net/witcher/images/f/f2/Tw3_gwent_face_Clan_Brokvar_Archer.png/revision/latest?cb=20160701162447,gwint_card_clan_brokvar_archer
Skellige,Clan Brokvar Archer (3 of 3),https://static.wikia.nocookie.net/witcher/images/f/f2/Tw3_gwent_face_Clan_Brokvar_Archer.png/revision/latest?cb=20160701162447,gwint_card_clan_brokvar_archer
Skellige,Clan Drummond Shield Maiden (1 of 3),https://static.wikia.nocookie.net/witcher/images/3/3b/Tw3_gwent_face_Clan_Drummond_Shield_Maiden_2.png/revision/latest?cb=20160701153455,gwint_card_clan_drummond_shieldmaiden
Skellige,Clan Drummond Shield Maiden (2 of 3),https://static.wikia.nocookie.net/witcher/images/3/3b/Tw3_gwent_face_Clan_Drummond_Shield_Maiden_2.png/revision/latest?cb=20160701153455,gwint_card_clan_drummond_shieldmaiden2
Skellige,Clan Drummond Shield Maiden (3 of 3),https://static.wikia.nocookie.net/witcher/images/3/3b/Tw3_gwent_face_Clan_Drummond_Shield_Maiden_2.png/revision/latest?cb=20160701153455,gwint_card_clan_drummond_shieldmaiden3
Skellige,Light Longship (1 of 3),https://static.wikia.nocookie.net/witcher/images/5/57/Tw3_gwent_face_Light_Longship.png/revision/latest?cb=20160701153639,gwint_card_light_drakkar
Skellige,Light Longship (2 of 3),https://static.wikia.nocookie.net/witcher/images/5/57/Tw3_gwent_face_Light_Longship.png/revision/latest?cb=20160701153639,gwint_card_light_drakkar
Skellige,Light Longship (3 of 3),https://static.wikia.nocookie.net/witcher/images/5/57/Tw3_gwent_face_Light_Longship.png/revision/latest?cb=20160701153639,gwint_card_light_drakkar
Skellige,Mardroeme (1 of 3),https://static.wikia.nocookie.net/witcher/images/8/8f/Tw3_gwent_card_face_Mardroeme.png/revision/latest?cb=20160630134026,gwint_card_mushroom
Skellige,Mardroeme (2 of 3),https://static.wikia.nocookie.net/witcher/images/8/8f/Tw3_gwent_card_face_Mardroeme.png/revision/latest?cb=20160630134026,gwint_card_mushroom
Skellige,Mardroeme (3 of 3),https://static.wikia.nocookie.net/witcher/images/8/8f/Tw3_gwent_card_face_Mardroeme.png/revision/latest?cb=20160630134026,gwint_card_mushroom
Skellige,War Longship (1 of 3),https://static.wikia.nocookie.net/witcher/images/6/63/Tw3_gwent_face_War_Longship.png/revision/latest?cb=20160701162621,gwint_card_war_drakkar
Skellige,War Longship (2 of 3),https://static.wikia.nocookie.net/witcher/images/6/63/Tw3_gwent_face_War_Longship.png/revision/latest?cb=20160701162621,gwint_card_war_drakkar
Skellige,War Longship (3 of 3),https://static.wikia.nocookie.net/witcher/images/6/63/Tw3_gwent_face_War_Longship.png/revision/latest?cb=20160701162621,gwint_card_war_drakkar
Skellige,Young Berserker (1 of 3),https://static.wikia.nocookie.net/witcher/images/7/77/Tw3_gwent_face_Young_Berserker.png/revision/latest?cb=20160701153101,gwint_card_young_berserker
Skellige,Young Berserker (2 of 3),https://static.wikia.nocookie.net/witcher/images/7/77/Tw3_gwent_face_Young_Berserker.png/revision/latest?cb=20160701153101,gwint_card_young_berserker
Skellige,Young Berserker (3 of 3),https://static.wikia.nocookie.net/witcher/images/7/77/Tw3_gwent_face_Young_Berserker.png/revision/latest?cb=20160701153101,gwint_card_young_berserker
Skellige,Cerys,https://static.wikia.nocookie.net/witcher/images/3/3c/Tw3_gwent_card_face_Cerys.png/revision/latest?cb=20160630133458,gwint_card_cerys
Skellige,Clan Dimun Pirate,https://static.wikia.nocookie.net/witcher/images/4/4e/Tw3_gwent_card_face_Clan_Dimun_Pirate.png/revision/latest?cb=20160630133530,gwint_card_clan_dimun_pirate
Skellige,Draig Bon-Dhu,https://static.wikia.nocookie.net/witcher/images/b/b5/Tw3_gwent_card_face_Draig_Bon-Dhu.png/revision/latest?cb=20160630133745,gwint_card_draig
Skellige,Ermion,https://static.wikia.nocookie.net/witcher/images/f/f9/Tw3_gwent_card_face_Ermion.png/revision/latest?cb=20160624130624,gwint_card_ermion
Skellige,Kambi,https://static.wikia.nocookie.net/witcher/images/8/82/Tw3_gwent_card_face_Kambi.png/revision/latest?cb=20160630134005,gwint_card_cock
Skellige,King Bran,https://static.wikia.nocookie.net/witcher/images/9/9f/Tw3_gwent_face_King_Bran.png/revision/latest?cb=20160822104303,gwint_card_king_bran_bronze
Skellige,Olaf,https://static.wikia.nocookie.net/witcher/images/1/13/Tw3_gwent_face_Olaf.png/revision/latest?cb=20160808185616,gwint_card_olaf
Neutral,Skellige Storm,https://static.wikia.nocookie.net/witcher/images/1/1a/Tw3_gwent_face_Skellige_Storm.png/revision/latest?cb=20160808192129,gwint_card_skellige_storm
